Stock Name,Mentions,Positive,Negative
GME,62,35,22
TSLA,22,16,6
SPY,18,16,2
PLTR,16,13,3
MSFT,15,13,1
PB,12,12,0
DCF,12,12,0
AAPL,12,12,0
AMC,11,8,3
AMD,10,10,0
AMZN,10,10,0
CRM,8,8,0
TD,7,7,0
RKT,6,2,2
DDOG,6,6,0
CRWD,6,6,0
FROG,5,5,0
TEAM,5,5,0
UPST,5,4,1
ATH,5,5,0
BB,5,4,1
ET,5,5,0
NIO,5,2,3
OI,5,5,0
PEG,5,5,0
INTC,5,5,0
AI,5,5,0
CRSR,4,4,0
ADBE,4,4,0
PM,4,4,0
ODFL,4,4,0
NI,4,4,0
GCP,4,4,0
TKAT,4,4,0
LMT,4,4,0
VZ,4,4,0
MCD,4,4,0
GOOGL,4,4,0
FB,4,4,0
NFLX,4,3,1
DE,4,4,0
BABA,4,4,0
MA,4,4,0
PTON,4,4,0
DASH,4,4,0
GE,3,3,0
UI,3,1,0
JACK,3,1,0
APHA,3,2,1
UWMC,3,3,0
HD,3,2,0
III,3,3,0
LOW,3,3,0
TER,3,3,0
ABBV,3,3,0
TSM,3,3,0
TTM,3,3,0
CBD,3,3,0
BC,3,3,0
XOM,3,3,0
DKNG,3,3,0
BA,3,3,0
GM,3,3,0
VIAC,3,3,0
RUN,3,3,0
AMRS,3,3,0
ARE,3,3,0
BY,3,2,1
AM,3,3,0
RBLX,2,1,1
ON,2,0,2
FI,2,2,0
MAR,2,1,1
CC,2,2,0
MU,2,2,0
HE,2,2,0
NOK,2,1,1
CPA,2,2,0
NLY,2,2,0
OR,2,2,0
GS,2,2,0
OCG,2,2,0
SGA,2,2,0
EA,2,2,0
TTWO,2,2,0
LOGI,2,2,0
TFSA,2,2,0
XPEV,2,0,2
CO,2,2,0
NAV,2,2,0
JMIA,2,2,0
SD,2,2,0
JP,2,2,0
AG,2,2,0
JPM,2,2,0
UUUU,2,2,0
MSCI,2,2,0
NMCI,2,2,0
BNGO,2,2,0
COO,2,2,0
CMO,2,2,0
SC,2,2,0
MD,2,2,0
FLGT,2,2,0
TWST,2,2,0
NEO,2,2,0
SV,2,2,0
ESP,2,2,0
NGS,2,2,0
IDRA,2,2,0
ZOM,2,2,0
KSU,2,2,0
CSX,2,2,0
CP,2,2,0
JNJ,2,2,0
NVDA,2,2,0
IBKR,2,2,0
FT,2,1,0
STMP,2,2,0
MP,2,2,0
XPO,2,1,1
YELL,2,2,0
ABNB,2,2,0
GOOG,2,2,0
MS,2,2,0
FANG,2,2,0
TGB,2,2,0
NPV,2,2,0
IRR,2,2,0
DIS,2,2,0
MUFG,2,2,0
MAX,2,0,2
CROX,2,0,2
SBUX,2,2,0
MO,2,2,0
QCOM,2,2,0
WM,2,2,0
AZN,2,2,0
BIDU,2,2,0
BILI,2,2,0
TME,2,2,0
APO,2,2,0
DISCA,2,2,0
UBS,2,2,0
PFE,2,2,0
BNTX,2,2,0
API,2,1,1
IPOF,2,0,2
RC,2,0,2
SPCE,2,2,0
CAN,2,0,2
CM,2,0,2
BYND,2,2,0
DOCU,2,2,0
STWD,1,1,0
UNFI,1,0,0
PBR,1,1,0
DL,1,1,0
POST,1,1,0
PYPL,1,0,1
AAL,1,1,0
AA,1,1,0
DAL,1,1,0
LUV,1,1,0
JBLU,1,1,0
SNDL,1,0,1
RE,1,1,0
TELL,1,1,0
IRS,1,1,0
TX,1,1,0
IVR,1,1,0
MITT,1,1,0
JOE,1,0,1
SHO,1,1,0
NMS,1,1,0
TXT,1,1,0
WKHS,1,0,1
JEF,1,0,1
PDT,1,0,1
EE,1,1,0
LAC,1,1,0
FL,1,1,0
OGI,1,1,0
POSH,1,1,0
VIE,1,1,0
WKEY,1,1,0
ZKIN,1,1,0
ETH,1,1,0
LTC,1,1,0
KMI,1,1,0
GERN,1,1,0
OCSL,1,1,0
TU,1,1,0
TGA,1,1,0
PDAC,1,1,0
SRI,1,1,0
CLVR,1,1,0
ACB,1,1,0
CGC,1,1,0
VC,1,1,0
PAI,1,1,0
TUSK,1,1,0
HAL,1,1,0
ARRY,1,1,0
BX,1,1,0
AB,1,1,0
GOEV,1,1,0
GOEVW,1,1,0
LNG,1,1,0
WOOF,1,1,0
SAP,1,1,0
CIO,1,1,0
PSX,1,1,0
UPS,1,0,1
ELY,1,1,0
CME,1,0,1
TDA,1,0,0
LMND,1,0,0
TAST,1,1,0
BK,1,1,0
CUK,1,1,0
NCLH,1,1,0
POWW,1,1,0
GB,1,1,0
VOD,1,1,0
PT,1,1,0
SAIA,1,1,0
FWRD,1,1,0
MMM,1,1,0
APD,1,1,0
AXP,1,1,0
BAC,1,1,0
BMY,1,1,0
KO,1,1,0
DLR,1,1,0
ENB,1,1,0
GH,1,1,0
HON,1,1,0
KHC,1,1,0
MRK,1,1,0
NSC,1,1,0
PEP,1,1,0
PG,1,1,0
RTX,1,1,0
STAG,1,1,0
USB,1,1,0
VLO,1,1,0
WPC,1,1,0
CVX,1,1,0
MAIN,1,1,0
BDN,1,1,0
PSEC,1,1,0
TXN,1,1,0
FMAC,1,1,0
CPS,1,1,0
NET,1,1,0
FSLY,1,1,0
ABB,1,1,0
SNOW,1,1,0
DM,1,1,0
AONE,1,1,0
DMYI,1,1,0
ASML,1,1,0
CRSP,1,1,0
BEAM,1,1,0
PTC,1,1,0
SQ,1,1,0
STPK,1,1,0
TDOC,1,1,0
SE,1,1,0
HPQ,1,1,0
PLM,1,1,0
AR,1,1,0
CODX,1,1,0
NKE,1,1,0
WMT,1,1,0
TLRY,1,1,0
SPNV,1,1,0
TA,1,1,0
CCS,1,1,0
SUMO,1,1,0
SPLK,1,1,0
YY,1,1,0
NOV,1,1,0
TY,1,1,0
FEYE,1,1,0
RPD,1,1,0
HR,1,0,1
DTE,1,1,0
JD,1,1,0
EW,1,0,1
HL,1,1,0
CLOV,1,1,0
WWE,1,1,0
ASO,1,1,0
SO,1,1,0
CCIV,1,1,0
MVIS,1,1,0
NNDM,1,1,0
TSN,1,1,0
QS,1,1,0
MIK,1,1,0
AN,1,1,0
SKLZ,1,0,0
PI,1,1,0
ITT,1,1,0
ASC,1,1,0
RS,1,1,0
AXSM,1,1,0
DTIL,1,1,0
SGMO,1,1,0
CLVS,1,1,0
XL,1,1,0
TOUR,1,1,0
WW,1,1,0
BIGC,1,1,0
CUZ,1,1,0
PLAY,1,1,0
PENN,1,1,0
GPRO,1,1,0
CS,1,1,0
DB,1,1,0
CCJ,1,1,0
